id;title;description;image_url;repository_url;deploy_url;release_date;is_searching_collab
1;extend;JBODX;Buckinghamshire Avon;Kids Soft;Handmade turquoise;2020-02-11T10:03:11;true
2;Nevada Burundi Franc hacking;Rubber;Iowa Cambridgeshire;strategy Bedfordshire;Sleek Fresh Metal;2020-02-11T09:21:18;true
3;back up;Wooden integrated;intranet infrastructures non-volatile;Qatar Orchard navigate;process improvement user-centric;2020-02-11T08:36:50;true
4;multi-byte Intelligent matrix;Steel;Chair Intelligent;Indian Rupee Ngultrum bypassing;Developer Small Steel;2020-02-11T10:06:54;true
5;Communications;cutting-edge Borders Iraqi Dinar;Plain;gold;Licensed optical Central;2020-02-11T07:33:12;false
6;gold superstructure;Florida Square Pants;tangible Applications Fresh;Human Oregon Tasty Wooden Shoes;quantifying;2020-02-10T23:00:31;false
7;Thailand Djibouti;Spurs;core SAS;deliver relationships Metrics;Rubber;2020-02-11T19:40:21;true
8;Orchestrator quantifying models;Sleek Plastic Chair National Surinam Dollar;Washington RAM Data;Beauty bypassing;COM Intelligent Soft Gloves;2020-02-11T14:47:43;true
9;optical;Programmable lime HTTP;Money Market Account;Technician connect Squares;monitoring granular Refined;2020-02-11T15:17:29;false
10;capacitor Representative;Table payment Concrete;Checking Account;Bedfordshire Handcrafted;applications;2020-02-10T23:36:53;false
